content_tokens,original_tokens,noise_tokens,original_mass,noise_mass,special_mass,original_mean_weight,noise_mean_weight,top_k_original_fraction,top_tokens,index,label,pred,clean_span_found,text,clean_text
13,7,6,0.8131241012297323,0.18613789671144332,0.0007379329181276262,0.11616058588996177,0.031022982785240554,0.4,?:0.7940:original ?:0.1797:noise Ġcard:0.0182:original Ġtimeline:0.0047:noise Ġwhat:0.0011:noise,0,11,41,True,How do I locate my card? what is the expected timeline?,How do I locate my card?
22,16,6,0.8964360802583542,0.10353234646572673,3.159237894578837e-05,0.05602725501614714,0.017255391077621123,0.8,",:0.5728:original .:0.2907:original ?:0.0973:noise Ġcard:0.0172:original Ġago:0.0066:original",1,11,11,True,"I still have not received my new card, I ordered over a week ago. what is the expected timeline?","I still have not received my new card, I ordered over a week ago."
16,13,3,0.9999615719957546,6.246678253774007e-06,3.225300679332577e-05,0.07692012092275036,2.0822260845913356e-06,1.0,.:0.5735:original Ġarrived:0.4086:original !:0.0094:original Ġnot:0.0073:original Ġbut:0.0007:original,2,11,11,True,"Hello there, I ordered a card but it has not arrived. Help please!",I ordered a card but it has not arrived. Help please!
21,12,9,0.9953009278424361,0.004674277112940217,2.4779626983217895e-05,0.08294174398686967,0.0005193641236600241,0.6,?:0.5178:original Ġarrive:0.4762:original ?:0.0027:noise Ġthis:0.0016:noise Ġwill:0.0008:original,3,11,12,True,Is there a way to know when my card will arrive? is there a formal way to resolve this?,Is there a way to know when my card will arrive?
10,7,3,0.9999939755318223,9.850289046653415e-07,5.085926659376128e-06,0.14285628221883176,3.283429682217805e-07,1.0,Ġyet:0.4377:original .:0.4184:original Ġarrived:0.1436:original Ġcard:0.0001:original Ġnot:0.0001:original,4,11,11,True,"Hello there, My card has not arrived yet.",My card has not arrived yet.
13,7,6,0.6694782466756806,0.33018691579491133,0.00033481320133432746,0.09563974952509723,0.055031152632485224,0.4,?:0.6647:original ?:0.3217:noise Ġtimeline:0.0080:noise Ġcard:0.0045:original Ġexpected:0.0004:noise,5,11,12,True,When will I get my card? what is the expected timeline?,When will I get my card?
20,17,3,0.9775687238176687,0.02240481048283982,2.6385330784250982e-05,0.05750404257750992,0.007468270160946607,0.8,?:0.8677:original Ġme:0.0520:original Ġsent:0.0369:original .:0.0203:noise Ġcard:0.0148:original,6,11,11,True,Do you know if there is a tracking number for the new card you sent me? please advise.,Do you know if there is a tracking number for the new card you sent me?
12,6,6,0.9639424957131268,0.005127929194713943,0.030929511412978172,0.16065708261885447,0.0008546548657856571,0.8,"Ġcard:0.9235:original Ġmy:0.0242:original Ġreceived:0.0126:original Ġnot:0.0029:original ,:0.0020:noise",7,11,11,True,"I would like to ask, i have not received my card",i have not received my card
8,5,3,0.9954058964794967,0.0008181494777090847,0.0037760110571980476,0.19908117929589936,0.00027271649256969493,0.8,Ġcard:0.9922:original Ġwaiting:0.0016:original Ġthat:0.0007:original Ġon:0.0007:original Good:0.0003:noise,8,11,11,True,"Good afternoon, still waiting on that card",still waiting on that card
22,15,7,0.9999534020699343,6.6319578877482854e-06,3.992572601418942e-05,0.06666356013799563,9.474225553926122e-07,1.0,?:0.9464:original Ġcard:0.0533:original Ġweek:0.0002:original Ġnew:0.0001:original Ġfor:0.0000:original,9,11,11,True,"I’m hoping you can clarify, Is it normal to have to wait over a week for my new card?",Is it normal to have to wait over a week for my new card?
12,7,5,0.9895372998862513,0.009946705591573846,0.0005160311702638865,0.1413624714123216,0.001989341118314769,0.6,?:0.9761:original Ġcard:0.0129:original .:0.0095:noise Ġmy:0.0005:original Ġthank:0.0002:noise,10,11,11,True,How do I track my card? thank you in advance.,How do I track my card?
13,8,5,0.9994172880108181,0.0005423099569270562,4.0328061004402116e-05,0.12492716100135226,0.00010846199138541124,0.8,?:0.7609:original Ġtake:0.2274:original Ġdelivery:0.0106:original Ġcard:0.0004:original .:0.0003:noise,11,11,12,True,How long does a card delivery take? thank you in advance.,How long does a card delivery take?
23,17,6,0.9944231444509342,0.005549079858155892,2.7732787202694453e-05,0.05849547908534907,0.000924846643025982,0.8,.:0.9038:original Ġafter:0.0471:original ?:0.0376:original Ġweeks:0.0038:original Ġ(:0.0037:noise,12,11,11,True,I still don't have my card after 2 weeks. What should I do? (at your earliest convenience).,I still don't have my card after 2 weeks.  What should I do?
9,6,3,0.9973793061435572,0.00046670070150867105,0.002153967274352908,0.16622988435725952,0.00015556690050289035,1.0,Ġcard:0.9915:original Ġnew:0.0041:original Ġwaiting:0.0009:original Ġmy:0.0004:original Ġon:0.0004:original,13,11,0,True,"Good afternoon, still waiting on my new card",still waiting on my new card
21,16,5,0.9999062849536529,1.6073244808012532e-05,7.772743992973119e-05,0.062494142809603304,3.2146489616025065e-06,1.0,.:0.8850:original Ġafter:0.0628:original ?:0.0334:original Ġweek:0.0135:original Ġcard:0.0039:original,14,11,11,True,"Could you please advise, I am still waiting for my card after 1 week. Is this ok?",I am still waiting for my card after 1 week.  Is this ok?
29,22,7,0.9999961347337418,5.719266411574608e-07,3.4431129734002752e-06,0.04545436976062463,8.170380587963727e-08,1.0,"Ġarrive:0.4636:original ?:0.2888:original ,:0.2187:original Ġit:0.0237:original Ġcard:0.0028:original",15,11,11,True,"I’m hoping you can clarify, I have been waiting longer than expected for my bank card, could you provide information on when it will arrive?","I have been waiting longer than expected for my bank card, could you provide information on when it will arrive?"
14,11,3,0.9997802207967652,3.9134885810199194e-05,0.00018061950686387718,0.09088911098152411,1.3044961936733065e-05,1.0,.:0.9831:original Ġcard:0.0164:original Ġexpected:0.0001:original Ġlonger:0.0001:original Ġfor:0.0001:original,16,11,11,True,"Good afternoon, I've been waiting longer than expected for my card.",I've been waiting longer than expected for my card.
15,8,7,0.9917759770524697,0.008218167681135924,5.853435141034424e-06,0.12397199713155871,0.0011740239544479891,0.8,?:0.8389:original Ġdelivered:0.1476:original ?:0.0081:noise Ġbeen:0.0049:original Ġcard:0.0004:original,17,11,11,True,Why hasn't my card been delivered? could you confirm what is happening?,Why hasn't my card been delivered?
19,13,6,0.9999489144224754,7.275787822891289e-06,4.3884512706426904e-05,0.07691914726326733,1.2126313038152148e-06,1.0,!:0.6022:original ?:0.3745:original Ġcard:0.0159:original Ġweek:0.0054:original ĠI:0.0013:original,18,11,11,True,"I would like to ask, Where is my new card? I have been waiting a week!",Where is my new card? I have been waiting a week!
18,15,3,0.9999948574393329,9.055852387973573e-07,4.1795556171564385e-06,0.06666632382928886,3.0186174626578577e-07,1.0,.:0.5401:original Ġarrived:0.2311:original ?:0.1744:original Ġweeks:0.0182:original Ġlost:0.0163:original,19,11,11,True,"Good afternoon, My card still hasn't arrived after 2 weeks. Is it lost?",My card still hasn't arrived after 2 weeks. Is it lost?
19,12,7,0.9999313392910949,9.777763665397288e-06,5.8864079619525e-05,0.08332761160759124,1.3968233807710412e-06,1.0,"?:0.3643:original Ġyet:0.3488:original ,:0.2538:original Ġlost:0.0296:original Ġcard:0.0022:original",20,11,11,True,"I’m hoping you can clarify, I did not get my card yet, is it lost?","I did not get my card yet, is it lost?"
10,7,3,0.999460630352587,9.606529965822119e-05,0.000443370925495401,0.14278009005036957,3.2021766552740395e-05,1.0,.:0.8382:original Ġordered:0.1381:original Ġcard:0.0228:original ĠI:0.0002:original Ġof:0.0001:original,21,11,11,True,"Good afternoon, Status of the card I ordered.",Status of the card I ordered.
13,10,3,0.9999874013085019,2.2660845502286975e-06,1.0458681572345085e-05,0.0999987401308502,7.553615167428992e-07,1.0,?:0.7167:original Ġarrive:0.2644:original Ġtake:0.0141:original Ġto:0.0028:original Ġcard:0.0019:original,22,11,12,True,"Good afternoon, How long should my new card take to arrive?",How long should my new card take to arrive?
25,20,5,0.9998929543942268,1.8332355011807522e-05,8.865207928465679e-05,0.049994647719711335,3.6664710023615044e-06,1.0,?:0.6728:original Ġhere:0.1930:original 't:0.0429:original Ġstill:0.0270:original Ġisn:0.0169:original,23,11,11,True,"Could you please advise, I ordered my card 2 weeks ago and it still isn't here? What do I do?",I ordered my card 2 weeks ago and it still isn't here? What do I do?
17,11,6,0.9862832652990647,0.013713369899619465,3.3105770853580907e-06,0.0896621150271877,0.0022855616499365774,1.0,"Ġyet:0.3639:original ,:0.2356:original ?:0.2024:original Ġarrived:0.1364:original Ġit:0.0450:original",24,11,11,True,"My card has not arrived yet, where is it? what are the next steps?","My card has not arrived yet, where is it?"
18,12,6,0.8095140309475255,0.19045394466957077,3.195483805029653e-05,0.06745950257896045,0.03174232411159513,0.6,?:0.7205:original ?:0.1767:noise Ġmailed:0.0587:original Ġcard:0.0142:original Ġwhat:0.0077:noise,25,11,11,True,What is the tracking number for my card that was mailed? what is the expected timeline?,What is the tracking number for my card that was mailed?
26,17,9,0.8965705260682171,0.10342668425437296,2.7379892344470136e-06,0.05273944270989512,0.01149185380604144,0.6,.:0.5307:original Ġyet:0.2467:original Ġit:0.0754:original ?:0.0636:noise Ġthis:0.0351:noise,26,11,11,True,I think something went wrong with my card delivery as I haven't received it yet. is there a formal way to resolve this?,I think something went wrong with my card delivery as I haven't received it yet.
21,18,3,0.9981453146155417,0.001834851200783305,1.986698407563381e-05,0.0554525174786412,0.0006116170669277684,1.0,",:0.3684:original ?:0.3510:original Ġlong:0.2605:original Ġcard:0.0113:original Ġit:0.0035:original",27,11,11,True,"I'm still waiting for delivery of my new card, why is it taking so long? please advise.","I'm still waiting for delivery of my new card, why is it taking so long?"
25,20,5,0.9553294393377882,0.04463244385260623,3.8176487578311935e-05,0.047766471966889414,0.008926488770521246,0.8,.:0.6270:original Ġhere:0.1956:original ?:0.0500:original .:0.0427:noise Ġnot:0.0299:original,28,11,11,True,"I ordered a card a week ago, and it's still not here. What do I do? because this appears inconsistent.","I ordered a card a week ago, and it's still not here. What do I do?"
12,8,4,0.030171888352583665,0.9697326945579334,9.536577999824658e-05,0.003771486044072958,0.24243317363948336,0.6,.:0.8168:noise .:0.1526:noise Ġsent:0.0289:original Ġcard:0.0008:original Ġyou:0.0005:original,29,11,11,True,i want to track the card you sent. please advise.,i want to track the card you sent
7,7,0,0.9999963812194892,0,3.6494027426670073e-06,0.14285662588849846,,1.0,Ġyet:0.4525:original .:0.3941:original Ġarrived:0.1531:original 't:0.0002:original Ġcard:0.0001:original,30,11,11,True,My card hasn't arrived yet.,My card hasn't arrived yet.
23,0,0,0,0,9.677978596300818e-06,,,0.0,Ġyet:0.5243:content ?:0.3237:content Ġit:0.1333:content Ġhaven:0.0092:content Ġcard:0.0040:content,31,11,11,False,I was expecting my new card — to clarify and am wondering and am wondering why I haven't received it yet?,I was expecting my new card and am wondering why I haven't received it yet?
16,10,6,0.9999614791814508,5.489319605089804e-06,3.310928514110856e-05,0.09999614791814508,9.148866008483006e-07,1.0,Ġarrive:0.5176:original ?:0.4814:original Ġwill:0.0005:original Ġcard:0.0005:original ĠHow:0.0000:original,32,11,12,True,"I would like to ask, How do I know when my card will arrive?",How do I know when my card will arrive?
19,13,6,0.9999336420209488,9.426394797173998e-06,5.68560826650355e-05,0.07691797246314991,1.5710657995289996e-06,1.0,.:0.7737:original Ġdelivered:0.1336:original Ġto:0.0590:original Ġbe:0.0232:original Ġcard:0.0104:original,33,11,11,True,"I would like to ask, I'm sTill waiting on my card to be delivered.",I'm still waiting on my card to be delivered.
16,13,3,0.9994804165188498,0.0005021767217385786,1.7485495845903642e-05,0.07688310896298844,0.0001673922405795262,1.0,?:0.7689:original Ġit:0.2118:original Ġto:0.0093:original Ġtrack:0.0074:original Ġsent:0.0014:original,34,11,11,True,Does the card you sent have a way to track to it? kind regards.,Does the card you sent have a way to track to it?
26,23,3,0.9999474458082886,2.1493667532013205e-05,3.102763366769068e-05,0.043475975904708204,7.1645558440044015e-06,1.0,.:0.4957:original Ġit:0.2583:original .:0.1574:original Ġreceived:0.0358:original ?:0.0201:original,35,11,11,True,I ordered a card and I still haven't received it. It's been two weeks. What can I do? kind regards.,I ordered a card and I still haven't received it. It's been two weeks. What can I do?
28,20,8,0.9210005752135437,0.07899386711687839,5.470377345773159e-06,0.04605002876067719,0.009874233389609799,0.6,",:0.5468:original ?:0.2082:original Ġarrived:0.1415:original ).:0.0516:noise Ġ(:0.0225:noise",36,11,11,True,"I'm starting to think my card is lost because it still hasn't arrived, can you help? (I have attempted this multiple times).","I'm starting to think my card is lost because it still hasn't arrived, can you help?"
13,6,7,0.9996618489494722,4.816387399841915e-05,0.0002899561368394643,0.16661030815824537,6.880553428345593e-06,0.8,?:0.8893:original Ġinfo:0.0608:original Ġavailable:0.0364:original Ġtracking:0.0131:original Ġhoping:0.0000:noise,37,11,11,True,"I’m hoping you can clarify, Is there tracking info available?",Is there tracking info available?
20,11,9,0.9821277832490978,0.01780574509393773,6.640941865043715e-05,0.08928434393173616,0.001978416121548637,0.8,?:0.9067:original Ġsent:0.0394:original Ġcard:0.0190:original Ġnumber:0.0123:original ?:0.0117:noise,38,11,11,True,What is the tracking number for the card you sent? is there a formal way to resolve this?,What is the tracking number for the card you sent?
18,12,6,0.8642358420543133,0.1357284182086005,3.570393528207205e-05,0.0720196535045261,0.022621403034766747,0.8,?:0.6934:original ?:0.1297:noise Ġme:0.0731:original Ġsent:0.0718:original Ġcard:0.0107:original,39,11,11,True,Where is the tracking number for the card you sent me? what is the expected timeline?,Where is the tracking number for the card you sent me?
14,11,3,0.9999957989158901,6.93567642429116e-07,3.581046257750131e-06,0.09090870899235365,2.3118921414303864e-07,1.0,?:0.9740:original Ġup:0.0216:original Ġapp:0.0031:original Ġon:0.0008:original Ġthe:0.0003:original,40,13,13,True,"Hello there, Why won't my card show up on the app?",Why won't my card show up on the app?
12,9,3,0.998943220606634,0.00018819650358636864,0.0008685846696607769,0.11099369117851489,6.273216786212288e-05,1.0,.:0.8393:original Ġcard:0.1558:original ivate:0.0022:original Ġmy:0.0015:original Ġreact:0.0002:original,41,13,13,True,"Good afternoon, I would like to reactivate my card.",I would like to reactivate my card.
13,8,5,0.9999028675429713,1.6652089129820524e-05,8.0526624515187e-05,0.12498785844287141,3.330417825964105e-06,1.0,?:0.9677:original Ġcard:0.0320:original Ġnew:0.0001:original Ġthe:0.0000:original Ġlink:0.0000:original,42,13,13,True,"Could you please advise, Where do I link the new card?",Where do I link the new card?
22,16,6,0.5612531897386361,0.4377313707227586,0.0010154342744499445,0.03507832435866476,0.0729552284537931,0.6,"?:0.5523:original ?:0.4140:noise Ġtimeline:0.0228:noise ,:0.0036:original Ġapp:0.0024:original",43,13,13,True,"I have received my card, can you help me put it in the app? what is the expected timeline?","I have received my card, can you help me put it in the app?"
16,11,5,0.9999212004208289,1.349146026541348e-05,6.524236960103735e-05,0.09090192731098444,2.6982920530826958e-06,1.0,?:0.9462:original Ġcard:0.0320:original Ġhave:0.0137:original Ġthat:0.0074:original Ġa:0.0003:original,44,13,13,True,"Could you please advise, How do I link a card that I already have?",How do I link a card that I already have?
30,22,8,0.9985103522817269,0.0014784851327931392,1.1072411325585563e-05,0.04538683419462395,0.0001848106415991424,1.0,.:0.9228:original ?:0.0528:original Ġit:0.0122:original Ġanywhere:0.0066:original Ġapp:0.0017:original,45,13,13,True,"I received my new card, but I don't see it in the app anywhere. What do I do? (I have attempted this multiple times).","I received my new card, but I don't see it in the app anywhere.  What do I do?"
14,11,3,0.9999547433258833,4.2389290925370915e-05,2.9489183361874893e-06,0.09090497666598939,1.4129763641790305e-05,1.0,?:0.9764:original Ġto:0.0139:original Ġcard:0.0066:original Ġapp:0.0023:original Ġthe:0.0008:original,46,13,13,True,How do I re-add a card to the app? kind regards.,How do I re-add a card to the app?
13,10,3,0.9928208591148291,0.007162408686326671,1.6767033230280504e-05,0.09928208591148291,0.0023874695621088904,0.8,?:0.9563:original Ġaccount:0.0206:original Ġto:0.0133:original .:0.0071:noise Ġcard:0.0024:original,47,13,13,True,How do I add the card to my account? many thanks.,How do I add the card to my account?
19,16,3,0.999979269428735,3.7049311458758893e-06,1.7099404431064613e-05,0.06249870433929594,1.2349770486252964e-06,1.0,?:0.4888:original Ġsystem:0.1752:original Ġback:0.1389:original Ġit:0.1216:original /:0.0447:original,48,13,13,True,"Good afternoon, Can I put my old card back into the system? I just found it/",Can I put my old card back into the system? I just found it/
23,14,9,0.9497543530811328,0.05024003292874113,5.602061719400808e-06,0.06783959664865234,0.005582225880971237,0.6,"?:0.8423:original Ġit:0.0984:original ?:0.0441:noise Ġthis:0.0053:noise ,:0.0049:original",49,13,13,True,"I have one of your cards already, how do I link it? is there a formal way to resolve this?","I have one of your cards already, how do I link it?"
13,8,5,0.9999121033873735,1.5051236118779343e-05,7.278517296072096e-05,0.12498901292342168,3.0102472237558688e-06,1.0,?:0.9569:original Ġcard:0.0420:original Ġnew:0.0006:original Ġa:0.0003:original Ġlink:0.0001:original,50,13,13,True,"Could you please advise, How do I link a new card?",How do I link a new card?
10,7,3,0.9842853736911081,0.015699136428338534,1.5455152606591582e-05,0.14061219624158688,0.005233045476112845,0.8,?:0.9717:original .:0.0157:noise Ġcard:0.0123:original Ġan:0.0002:original Ġexisting:0.0001:original,51,13,13,True,Can I link an existing card? kind regards.,Can I link an existing card?
20,13,7,0.8462610408328146,0.15354211841986398,0.00019687169697135687,0.06509700314098574,0.021934588345694856,0.8,?:0.7212:original .:0.1193:noise Ġcard:0.0590:original Ġif:0.0387:original Ġalready:0.0246:original,52,13,13,True,How do I link one your card if I have one already? I’m receiving an error message.,How do I link one your card if I have one already?
15,0,0,0,0,2.139192474714946e-06,,,0.0,?:0.9404:content Ġto:0.0471:content Ġto:0.0080:content Ġcard:0.0023:content Ġcard:0.0009:content,53,13,13,False,How do I add a (rather) card to card to the app?,How do I add a card to the app?
10,7,3,0.9997374605472942,4.2612369270500494e-05,0.00022001717297825962,0.14281963722104202,1.4204123090166831e-05,1.0,?:0.9693:original Ġcard:0.0298:original Ġlink:0.0003:original Ġnew:0.0003:original Ġmy:0.0001:original,54,13,13,True,"Hello there, Can I link my new card?",Can I link my new card?
27,21,6,0.9833016891717534,0.016679767812092905,1.8529335648054257e-05,0.04682388996055969,0.0027799613020154843,1.0,"Ġit:0.3979:original ?:0.2275:original ,:0.1468:original Ġthat:0.1316:original Ġand:0.0478:original",55,13,13,True,"Hello, I found the card I misplaced and I need to reactive it, how do I do that? (this is time-sensitive).","Hello, I found the card I misplaced and I need to reactive it, how do I do that?"
22,16,6,0.9024259224624984,0.09751852084718848,5.5464639444835484e-05,0.05640162015390615,0.016253086807864747,0.6,?:0.8542:original ).:0.0739:noise Ġ(:0.0228:noise Ġcards:0.0211:original Ġthat:0.0138:original,56,13,13,True,Can you tell me how to link one of your cards that I already have? (as soon as possible).,Can you tell me how to link one of your cards that I already have?
15,12,3,0.9999779356953127,3.6051719689567108e-06,1.8614317013998516e-05,0.08333149464127605,1.201723989652237e-06,1.0,?:0.9916:original Ġreceived:0.0038:original Ġapp:0.0030:original Ġthe:0.0008:original Ġin:0.0005:original,57,13,13,True,"Hello there, How do I view the card I received in the app?",How do I view the card I received in the app?
15,12,3,0.9978510632126927,0.0017626962271606317,0.0003862711018882692,0.0831542552677244,0.0005875654090535439,0.6,?:0.8695:original Ġcard:0.1276:original .:0.0013:noise Ġkind:0.0004:noise Ġmy:0.0002:original,58,13,13,True,Where on the website do I go to link my card? kind regards.,Where on the website do I go to link my card?
18,13,5,0.9982890527122663,0.0016873487061275227,2.3681544917053543e-05,0.07679146559325126,0.00033746974122550455,0.8,"?:0.9806:original Ġit:0.0117:original Ġapp:0.0035:original .:0.0015:noise ,:0.0015:original",59,13,13,True,"I found my card, can I add it to the app? thank you in advance.","I found my card, can I add it to the app?"
18,0,0,0,0,1.6894218788365833e-05,,,0.0,?:0.9535:content Ġwith:0.0237:content Ġcard:0.0162:content it:0.0039:content Ġyou:0.0024:content,60,13,13,False,"Hel1o there, How do I link to my crediit card with you?",How do I link to my credit card with you?
28,19,9,0.41093877881439766,0.5888970457608593,0.0001642162969801575,0.02162835677970514,0.06543300508453992,0.6,.:0.5777:noise .:0.3826:original Ġit:0.0202:original Ġusual:0.0061:noise Ġapp:0.0031:original,61,13,13,True,I've received my card so now I need to know how to sync it to the app. I’m using a different device than usual.,I've received my card so now I need to know how to sync it to the app.
19,0,0,0,0,0.00012817895913030952,,,0.0,"Ġit:0.5555:content .:0.4012:content ivate:0.0213:content Ġ(:0.0111:content ,:0.0083:content",62,13,13,False,"I found my card, (rather) I would like I would like to reactivate it.","I found my card, I would like to reactivate it."
11,8,3,0.9869294795119004,0.013016683762543835,5.381397932069376e-05,0.12336618493898754,0.004338894587514612,0.6,?:0.9248:original Ġcard:0.0619:original .:0.0129:noise Ġlink:0.0002:original Ġmany:0.0001:noise,63,13,13,True,How do I link this new card? many thanks.,How do I link this new card?
25,17,8,0.7586817771216374,0.24129074487427715,2.7540256269276142e-05,0.04462833983068455,0.030161343109284644,0.6,?:0.5139:original Ġ(:0.1332:noise ).:0.1028:noise Ġcard:0.0699:original Ġin:0.0536:original,64,13,13,True,Can I reactivate my lost card that I found this morning in my jacket pocket? (I have updated the app recently).,Can I reactivate my lost card that I found this morning in my jacket pocket?
12,9,3,0.99999065591091,1.6892655594347161e-06,7.796484169375617e-06,0.11111007287899,5.63088519811572e-07,1.0,?:0.9898:original Ġcard:0.0099:original Ġalready:0.0001:original Ġan:0.0001:original Ġexisting:0.0000:original,65,13,13,True,"Good afternoon, how do I link an already existing card?",how do I link an already existing card?
15,10,5,0.9999899172362348,1.7287424256551276e-06,8.359898856724612e-06,0.09999899172362348,3.457484851310255e-07,1.0,.:0.9890:original Ġreceived:0.0105:original Ġcard:0.0004:original ĠI:0.0001:original Ġthe:0.0000:original,66,13,11,True,"Could you please advise, The app doesn't show the card I received.",The app doesn't show the card I received.
16,10,6,0.9999570303713199,6.107303264002439e-06,3.683670365717262e-05,0.09999570303713198,1.01788387733374e-06,1.0,?:0.9550:original Ġhave:0.0288:original Ġcard:0.0155:original ĠI:0.0003:original Ġalready:0.0003:original,67,13,13,True,"I would like to ask, how do I link a card I already have?",how do I link a card I already have?
17,14,3,0.9999368831162201,1.023827485369111e-05,5.286252053338103e-05,0.07142406307973001,3.412758284563703e-06,1.0,.:0.6558:original ?:0.2806:original Ġit:0.0544:original Ġcard:0.0090:original Ġlink:0.0000:original,68,13,13,True,"Hello there, I would like to link my card. How do I do it?",I would like to link my card. How do I do it?
23,16,7,0.9985110365561809,0.0014358410035129054,5.310040796757676e-05,0.062406939784761306,0.00020512014335898648,0.6,?:0.9562:original Ġcard:0.0419:original ?:0.0011:noise Ġcould:0.0003:noise Ġmy:0.0002:original,69,13,13,True,Can you please show me where I can find the location to link my card? could you confirm what is happening?,Can you please show me where I can find the location to link my card?
18,13,5,0.9997889326296558,5.748297007812653e-05,0.0001535995543235913,0.07690684097151199,1.1496594015625306e-05,1.0,?:0.9664:original Ġcard:0.0328:original Ġlink:0.0002:original Ġnew:0.0002:original Ġmy:0.0001:original,70,13,13,True,this is time-sensitive — Where do I go if I want to link my new card?,Where do I go if I want to link my new card?
20,14,6,0.8678081508240894,0.13215934370441573,3.258903598180041e-05,0.06198629648743496,0.022026557284069288,0.6,?:0.7745:original Ġ(:0.1050:noise Ġusable:0.0763:original ).:0.0269:noise Ġcard:0.0079:original,71,13,13,True,Is there a way to make my old card usable with the app? (this is time-sensitive).,Is there a way to make my old card usable with the app?
20,11,9,0.9079735090202803,0.09197585255060403,5.06106334796641e-05,0.08254304627457093,0.010219539172289337,0.6,?:0.8502:original ?:0.0702:noise Ġlost:0.0469:original Ġthis:0.0155:noise Ġcard:0.0091:original,72,13,13,True,Can I reactivate a card I thought I lost? is there a formal way to resolve this?,Can I reactivate a card I thought I lost?
10,6,4,0.031514905112942415,0.9684168043540922,6.830170605098829e-05,0.0052524841854904025,0.24210420108852304,0.6,.:0.9632:noise Ġcard:0.0312:original .:0.0051:noise Ġlink:0.0002:original Ġmy:0.0001:original,73,13,13,True,How do I link my card. many thanks.,How do I link my card
21,15,6,0.9991380263754763,0.00012257684966243687,0.0007393319974653423,0.06660920175836509,2.042947494373948e-05,1.0,?:0.5686:original Ġinfo:0.3411:original Ġcard:0.0885:original ĠWhere:0.0002:original Ġapp:0.0002:original,74,13,13,True,"I would like to ask, Where do I need to go in the app to enter my card info?",Where do I need to go in the app to enter my card info?
36,26,10,0.8761076353194426,0.12386793236964877,2.4430839403066784e-05,0.03369644751228625,0.012386793236964877,0.6,?:0.6272:original Ġagain:0.1010:original ).:0.0731:noise .:0.0455:original Ġ(:0.0307:noise,75,13,13,True,I have found my lost or stolen card. Is there a way I can link the card with my account through my app again? (I’m currently unable to access the feature).,I have found my lost or stolen card. Is there a way I can link the card with my account through my app again?
35,24,11,0.8450665093370731,0.15490039441510817,3.304918936919421e-05,0.03521110455571138,0.014081854037737106,0.8,",:0.2915:original Ġlost:0.2797:original .:0.1437:original ).:0.1108:noise Ġit:0.0499:original",76,13,13,True,"Hello there, Could you help me reactivate my card? It was previously lost, but I found it this morning in my jacket. (I have attempted this multiple times).","Could you help me reactivate my card? It was previously lost, but I found it this morning in my jacket."
20,14,6,0.9951057678186999,0.004889825055101937,4.346756668383023e-06,0.07107898341562142,0.0008149708425169896,0.8,"?:0.8609:original Ġthem:0.1232:original ,:0.0077:original ?:0.0048:noise Ġlink:0.0025:original",77,13,13,True,"I already have one of your cards, how do I link them? what are the next steps?","I already have one of your cards, how do I link them?"
13,8,5,0.9967244595028433,0.0032172730861930177,5.8215780882164836e-05,0.12459055743785541,0.0006434546172386036,0.6,?:0.8292:original Ġcard:0.1573:original Ġreplacement:0.0100:original .:0.0029:noise Ġthank:0.0003:noise,78,13,13,True,How do I link my replacement card? thank you in advance.,How do I link my replacement card?
18,9,9,0.9678873055035524,0.03209890762627765,1.3730073987971991e-05,0.10754303394483916,0.003566545291808628,0.8,?:0.9457:original ?:0.0309:noise Ġaccount:0.0090:original Ġto:0.0083:original Ġcard:0.0045:original,79,13,39,True,Can I link another card to my account? is there a formal way to resolve this?,Can I link another card to my account?
13,8,5,0.9997865377440576,3.659775120468112e-05,0.00017698034935165197,0.1249733172180072,7.319550240936223e-06,0.6,".:0.8590:original Ġrates:0.1386:original Ġexchange:0.0022:original Ġadvise:0.0000:noise ,:0.0000:noise",80,32,32,True,"Could you please advise, I need to know your exchange rates.",I need to know your exchange rates.
14,7,7,0.9996499334774853,4.988255022908561e-05,0.0003003028978127986,0.14280713335392647,7.126078604155087e-06,1.0,?:0.7713:original Ġrates:0.1394:original Ġoffer:0.0578:original Ġdo:0.0248:original Ġyou:0.0041:original,81,32,32,True,"I’m hoping you can clarify, What exchange rates do you offer?",What exchange rates do you offer?
13,10,3,0.9999048867388751,1.5433258113262127e-05,7.968540012370795e-05,0.09999048867388752,5.144419371087376e-06,1.0,?:0.9269:original Ġrates:0.0722:original Ġexchange:0.0008:original Ġup:0.0000:original Ġwith:0.0000:original,82,32,32,True,"Hello there, How did you come up with your exchange rates?",How did you come up with your exchange rates?
12,9,3,0.9598695818779106,0.03990460414206609,0.00022576293849851936,0.10665217576421229,0.013301534714022031,0.6,?:0.7828:original Ġrate:0.1739:original .:0.0383:noise Ġexchange:0.0031:original Ġkind:0.0015:noise,83,32,32,True,Where do you guys acquire your exchange rate? kind regards.,Where do you guys acquire your exchange rate?
11,8,3,0.9171750913901633,0.08260434042313136,0.00022064040240366012,0.11464688642377041,0.027534780141043786,0.6,?:0.7796:original Ġrate:0.1332:original .:0.0810:noise Ġexchange:0.0043:original Ġplease:0.0014:noise,84,32,32,True,How do I find the exchange rate? please advise.,How do I find the exchange rate?
10,7,3,0.9082867028250803,0.09155349615321029,0.0001597846858203411,0.12975524326072577,0.030517832051070098,0.6,?:0.7179:original Ġrates:0.1889:original .:0.0914:noise Ġexchange:0.0014:original Ġmany:0.0001:noise,85,32,32,True,What are your international exchange rates? many thanks.,What are your international exchange rates?
15,7,8,0.3146067818271945,0.6853710403911464,2.2176109268912114e-05,0.044943825975313496,0.0856713800488933,0.4,.:0.6046:noise Ġchange:0.2800:original ?:0.0796:noise Ġrates:0.0343:original Ġhappening:0.0008:noise,86,32,32,True,How often do your exchange rates change. could you confirm what is happening?,How often do your exchange rates change
15,7,8,0.14700977248594427,0.8521960206053336,0.0007940992945805192,0.02100139606942061,0.1065245025756667,0.4,.:0.6395:noise ?:0.2085:noise Ġrate:0.1406:original Ġexchange:0.0062:original Ġwhat:0.0012:noise,87,32,32,True,Please advise what is the exchange rate. could you confirm what is happening?,Please advise what is the exchange rate
12,6,6,0.9998383730589921,2.298819123325302e-05,0.00013865515938960016,0.16663972884316536,3.83136520554217e-06,1.0,?:0.7094:original Ġcalculated:0.2300:original Ġrates:0.0590:original Ġexchange:0.0014:original Ġare:0.0000:original,88,32,32,True,"I would like to ask, How are exchange rates calculated?",How are exchange rates calculated?
12,6,6,0.9979156965855509,0.0002964037148558418,0.0017877825303003192,0.16631928276425847,4.94006191426403e-05,0.8,"Ġrates:0.7521:original Ġon:0.2051:original Ġbased:0.0302:original Ġexchange:0.0104:original ,:0.0001:noise",89,32,32,True,"I would like to ask, what are exchange rates based on",what are exchange rates based on
11,4,7,0.9970260635564046,0.0004236267359374324,0.0025503174401819706,0.24925651588910114,6.051810513391891e-05,0.6,Ġrates:0.9813:original Ġexchange:0.0156:original Ġhoping:0.0002:noise I:0.0001:noise Ġwhat:0.0001:original,90,32,32,True,"I’m hoping you can clarify, what are exchange rates",what are exchange rates
13,8,5,0.9995277874068051,8.091015752142994e-05,0.0003912673273589462,0.12494097342585064,1.6182031504285988e-05,0.8,?:0.8425:original Ġrates:0.1542:original Ġexchange:0.0027:original Ġadvise:0.0000:noise Ġcurrent:0.0000:original,91,32,32,True,"Could you please advise, What are the most current exchange rates?",What are the most current exchange rates?
17,10,7,0.9996934594963705,4.365525796856673e-05,0.0002628133515827358,0.09996934594963705,6.236465424080961e-06,1.0,?:0.7670:original Ġrate:0.0974:original Ġpolicy:0.0721:original Ġto:0.0624:original Ġexchange:0.0004:original,92,32,32,True,"I’m hoping you can clarify, Can you explain your exchange rate policy to me?",Can you explain your exchange rate policy to me?
15,8,7,0.997649208198709,0.0003348350146552548,0.0020157734397798777,0.12470615102483862,4.783357352217925e-05,0.8,?:0.9967:original Ġexchange:0.0006:original Ġhoping:0.0001:noise Ġa:0.0001:original Ġit:0.0001:original,93,32,32,True,"I’m hoping you can clarify, Is it a good time to exchange?",Is it a good time to exchange?
17,10,7,0.8192888101348217,0.18048646532406565,0.00022488122340291739,0.08192888101348217,0.025783780760580806,0.8,?:0.7862:original ?:0.1767:noise Ġrate:0.0272:original Ġlike:0.0022:original Ġapp:0.0017:original,94,32,32,True,What is the exchange rate like on this app? could you confirm what is happening?,What is the exchange rate like on this app?
14,9,5,0.9806923765528381,0.01905191535843187,0.00025568847195245326,0.10896581961698201,0.003810383071686374,0.6,?:0.7758:original Ġrates:0.2037:original .:0.0187:noise Ġexchange:0.0011:original Ġin:0.0001:noise,95,32,32,True,Do you have a list of exchange rates? thank you in advance.,Do you have a list of exchange rates?
16,11,5,0.9972814277543876,0.002631974058203923,8.653230906929821e-05,0.09066194797767159,0.0005263948116407847,0.6,?:0.8459:original Ġrates:0.1507:original .:0.0023:noise Ġexchange:0.0007:original Ġthank:0.0002:noise,96,32,32,True,Can you tell me where you get your exchange rates? thank you in advance.,Can you tell me where you get your exchange rates?
14,11,3,0.9410708937806476,0.058843777844231226,8.543441072106361e-05,0.08555189943460433,0.019614592614743742,0.8,?:0.8258:original Ġrate:0.1003:original .:0.0588:noise Ġexchange:0.0115:original Ġforeign:0.0023:original,97,32,32,True,Will I get a curreng foreign exchange rate? many thanks.,Will I get a curreng foreign exchange rate?
14,9,5,0.9999367428662254,1.086154696849917e-05,5.252456321613863e-05,0.1111040825406917,2.172309393699834e-06,1.0,?:0.9298:original Ġrate:0.0484:original Ġcalculated:0.0111:original Ġexchange:0.0043:original Ġin:0.0039:original,98,32,32,True,"Could you please advise, What currencies is an exchange rate calculated in?",What currencies is an exchange rate calculated in?
12,9,3,0.9997963328671062,3.627579462772701e-05,0.00016742401930969208,0.11108848142967848,1.209193154257567e-05,1.0,?:0.7272:original Ġrates:0.2315:original Ġfrom:0.0396:original Ġexchange:0.0015:original ĠWhere:0.0000:original,99,32,32,True,"Good afternoon, Where do you get your exchange rates from?",Where do you get your exchange rates from?
15,9,6,0.779503639712857,0.2199102002196014,0.0005860966048203409,0.08661151552365078,0.03665170003660023,0.6,?:0.4929:original Ġrates:0.2574:original ?:0.1477:noise Ġwhat:0.0324:noise Ġexchange:0.0290:original,100,32,32,True,What is the base of the exchange rates? what is the expected timeline?,What is the base of the exchange rates?
10,7,3,0.9994329487385585,9.199601663567591e-05,0.00047499602078460157,0.14277613553407978,3.0665338878558636e-05,1.0,?:0.8111:original Ġrate:0.1292:original Ġuse:0.0459:original Ġdo:0.0080:original Ġyou:0.0038:original,101,32,32,True,"Hello there, What exchange rate do you use?",What exchange rate do you use?
5,5,0,0.9981908988265786,0,0.0018091272795572877,0.19963817976531573,,1.0,?:0.6815:original Ġare:0.1778:original Ġrates:0.1359:original Ġexchange:0.0029:original The:0.0002:original,102,32,32,True,The exchange rates are?,The exchange rates are?
12,9,3,0.9487348020642798,0.05102960349540808,0.00023554473591502756,0.10541497800714221,0.017009867831802694,0.8,?:0.6842:original Ġon:0.1437:original Ġrates:0.1203:original .:0.0507:noise Ġexchange:0.0006:original,103,32,32,True,What do you base your exchange rates on? kind regards.,What do you base your exchange rates on?
11,8,3,0.9994654765750965,8.672455624036957e-05,0.00044777835137210786,0.12493318457188707,2.8908185413456522e-05,1.0,?:0.8317:original Ġrate:0.0709:original Ġwill:0.0566:original Ġuse:0.0306:original Ġyou:0.0069:original,104,32,32,True,"Hello there, What foreign exchange rate will you use?",What foreign exchange rate will you use?
17,10,7,0.9998077563232073,2.738758598752611e-05,0.00016487874381709844,0.09998077563232073,3.912512283932301e-06,1.0,?:0.9169:original Ġrate:0.0728:original Ġexchange:0.0099:original Ġget:0.0001:original Ġthe:0.0000:original,105,32,32,True,"I’m hoping you can clarify, How much will I get with the exchange rate?",How much will I get with the exchange rate?
9,6,3,0.5389177362667397,0.4593774063978344,0.0017048424342647195,0.08981962271112327,0.15312580213261148,0.8,.:0.4547:noise ?:0.3611:original Ġrate:0.0933:original Ġbe:0.0537:original Ġwould:0.0279:original,106,32,32,True,The exchange rate would be? please advise.,The exchange rate would be?
13,7,6,0.8646631684123349,0.13451890734722838,0.0008179800352081656,0.1235233097731907,0.02241981789120473,0.6,?:0.7530:original ?:0.1181:noise Ġrate:0.0989:original Ġwhat:0.0117:noise Ġlike:0.0078:original,107,32,32,True,What is the exchange rate like? what are the next steps?,What is the exchange rate like?
15,8,7,0.9997165675774795,4.037822066038643e-05,0.00024308491265401244,0.12496457094718494,5.768317237198062e-06,0.8,?:0.6382:original Ġrates:0.2861:original Ġwork:0.0707:original Ġexchange:0.0048:original Ġhoping:0.0000:noise,108,32,32,True,"I’m hoping you can clarify, How dO your exchange rates work?",How do your exchange rates work?
9,6,3,0.7830383399050334,0.21586760022910312,0.0010940474458038807,0.13050638998417222,0.07195586674303438,0.6,?:0.6423:original .:0.2081:noise Ġrate:0.1353:original Ġplease:0.0072:noise Ġexchange:0.0053:original,109,32,32,True,what is the exchange rate? please advise.,what is the exchange rate?
16,9,7,0.9999126166479755,1.24460364929746e-05,7.492762233596295e-05,0.11110140184977506,1.7780052132820856e-06,1.0,?:0.6331:original Ġfrom:0.1917:original Ġrates:0.1437:original Ġcome:0.0314:original Ġexchange:0.0001:original,110,32,32,True,"I’m hoping you can clarify, Where did your guys exchange rates come from?",Where did your guys exchange rates come from?
15,8,7,0.897676546519051,0.10218720853299601,0.00013627756561618298,0.11220956831488138,0.01459817264757086,0.6,?:0.7834:original Ġrates:0.1105:original ?:0.1004:noise Ġexchange:0.0037:original Ġhappening:0.0006:noise,111,32,32,True,How are you determining your exchange rates? could you confirm what is happening?,How are you determining your exchange rates?
20,11,9,0.5822607924883414,0.41737489679508144,0.000364297884516418,0.05293279931712194,0.04637498853278683,0.4,.:0.4925:original ?:0.3296:noise Ġrate:0.0847:original Ġthis:0.0772:noise Ġresolve:0.0083:noise,112,32,32,True,I'm trying to figure out the current exchange rate. is there a formal way to resolve this?,I'm trying to figure out the current exchange rate.
15,9,6,0.9998661495451415,1.903599843444681e-05,0.0001148171941167675,0.11109623883834906,3.172666405741135e-06,1.0,?:0.7720:original Ġrates:0.2239:original Ġexchange:0.0039:original Ġwhere:0.0001:original Ġare:0.0000:original,113,32,32,True,"I would like to ask, From where are you getting your exchange rates?",From where are you getting your exchange rates?
14,9,5,0.9994750165626556,8.994935160444584e-05,0.00043497938895598054,0.11105277961807285,1.798987032088917e-05,0.8,?:0.8962:original Ġrate:0.0969:original Ġexchange:0.0062:original Ġforeign:0.0001:original Ġadvise:0.0000:noise,114,32,32,True,"Could you please advise, Can you tell me the foreign exchange rate?",Can you tell me the foreign exchange rate?
9,6,3,0.99987849916306,1.9714157133421395e-05,0.00010178866068599746,0.16664641652717668,6.571385711140465e-06,0.6,"Ġchange:0.8823:original Ġrates:0.1171:original Ġexchange:0.0004:original Hello:0.0000:noise ,:0.0000:noise",115,32,32,True,"Hello there, why do your exchange rates change",why do your exchange rates change
18,15,3,0.9999448627751804,9.81656876319903e-06,4.530650403467007e-05,0.06666299085167869,3.27218958773301e-06,1.0,?:0.9616:original Ġmoney:0.0164:original Ġrate:0.0078:original Ġexchange:0.0065:original Ġwill:0.0034:original,116,32,32,True,"Good afternoon, What kind of foreign exchange rate will I get when I exchange my money?",What kind of foreign exchange rate will I get when I exchange my money?
10,7,3,0.9447371347130229,0.05509488288771536,0.0001680075511103496,0.13496244781614614,0.018364960962571786,0.8,?:0.8831:original Ġrate:0.0573:original .:0.0550:noise Ġexchange:0.0042:original Ġforeign:0.0001:original,117,32,32,True,What is my foreign exchange rate? many thanks.,What is my foreign exchange rate?
10,6,4,0.17293913289904594,0.800431591575034,0.02662922628223896,0.028823188816507656,0.2001078978937585,0.6,.:0.7954:noise Ġdetermined:0.1461:original Ġrate:0.0126:original Ġget:0.0092:original .:0.0025:noise,118,32,32,True,when does the rate get determined. kind regards.,when does the rate get determined
15,9,6,0.9256750450376785,0.07396981443162076,0.0003550553519744426,0.10285278278196427,0.012328302405270128,0.6,?:0.8711:original ?:0.0668:noise Ġrate:0.0432:original Ġfor:0.0066:original Ġwhat:0.0045:noise,119,32,32,True,What is the current exchange rate for me? what are the next steps?,What is the current exchange rate for me?
20,13,7,0.14751323406864714,0.8524858458280278,9.261009381589247e-07,0.011347171851434395,0.12178369226114683,0.4,.:0.6230:noise ).:0.1788:noise Ġwrong:0.1332:original Ġ(:0.0506:noise Ġrate:0.0066:original,120,17,17,True,I purchased something in a foreign currency but the rate applied is wrong. (as soon as possible).,I purchased something in a foreign currency but the rate applied is wrong
22,17,5,0.9931373220914619,0.00686217366117603,5.733435273214127e-07,0.05841984247596835,0.001372434732235206,1.0,.:0.8243:original Ġshould:0.0835:original Ġbeen:0.0495:original Ġof:0.0187:original Ġmore:0.0079:original,121,17,17,True,I made a currency exchange and think I was charged more than I should of been. thank you in advance.,I made a currency exchange and think I was charged more than I should of been.
10,7,3,0.9999916281383605,1.3589715592843277e-06,7.016676590865245e-06,0.14285594687690864,4.5299051976144256e-07,1.0,Ġwrong:0.9423:original Ġrate:0.0460:original Ġis:0.0107:original Ġexchange:0.0007:original Ġpayment:0.0003:original,122,17,17,True,"Hello there, the card payment exchange rate is wrong",the card payment exchange rate is wrong
16,13,3,0.9999923131321111,1.3702045578156685e-06,6.323918569250964e-06,0.07692248562554702,4.5673485260522284e-07,1.0,.:0.9187:original Ġwrong:0.0435:original Ġcountry:0.0305:original Ġsomething:0.0030:original Ġrate:0.0013:original,123,17,17,True,"Good afternoon, The exchange rate was wrong when I bought something outside the country.",The exchange rate was wrong when I bought something outside the country.
15,9,6,0.9999985434467078,2.0915767828810772e-07,1.261551460629562e-06,0.11111094927185643,3.4859613048017955e-08,1.0,.:0.8314:original Ġwrong:0.1590:original Ġis:0.0090:original Ġrate:0.0004:original Ġpurchase:0.0002:original,124,17,17,True,"I would like to ask, The exchange rate on my purchase is wrong.",The exchange rate on my purchase is wrong.
21,16,5,0.9999695335558982,1.3149436426829197e-05,1.72294912772486e-05,0.06249809584724364,2.6298872853658394e-06,1.0,.:0.7722:original Ġrate:0.1891:original Ġexchange:0.0267:original .:0.0102:original Ġlow:0.0014:original,125,17,17,True,at your earliest convenience — This rate is too low. Are you sure your using the right exchange rate.,This rate is too low. Are you sure your using the right exchange rate.
17,11,6,0.9999984188761442,2.16560164467694e-07,1.3062002608421608e-06,0.09090894717055856,3.6093360744615666e-08,1.0,.:0.7407:original Ġwrong:0.2555:original Ġrate:0.0035:original Ġlooks:0.0002:original Ġexchange:0.0001:original,126,17,17,True,"I would like to ask, I bought something, but the exchange rate looks wrong.","I bought something, but the exchange rate looks wrong."
17,9,8,0.13425143587498667,0.8657466493694415,1.9359290490683634e-06,0.014916826208331853,0.10821833117118018,0.6,.:0.6564:noise ?:0.2089:noise Ġincorrect:0.1304:original Ġwas:0.0028:original Ġpurchase:0.0010:original,127,17,17,True,The rate applied to my foreign purchase was incorrect. could you confirm what is happening?,The rate applied to my foreign purchase was incorrect
20,14,6,0.8599432370945266,0.14005471655764268,2.058055997622432e-06,0.061424516935323324,0.023342452759607113,0.6,!:0.6361:original Ġwrong:0.2041:original ?:0.1316:noise Ġrate:0.0095:original Ġthe:0.0063:noise,128,17,17,True,I bought something in a foreign currency but the rate applied is wrong! what is the expected timeline?,I bought something in a foreign currency but the rate applied is wrong!
22,19,3,0.9999985662547388,2.400317136164176e-07,1.23933796203346e-06,0.052631503487091516,8.001057120547254e-08,1.0,.:0.6473:original Ġmuch:0.1377:original .:0.1027:original Ġcharged:0.0543:original Ġand:0.0273:original,129,17,17,True,"Hello there, My exchange went wrong. I swapped Russian Ruble for UK pounds and was charged too much.",My exchange went wrong. I swapped Russian Ruble for UK pounds and was charged too much.
22,15,7,0.46416290089316625,0.5358349274320062,2.2160941171023296e-06,0.03094419339287775,0.07654784677600089,0.4,.:0.4901:noise .:0.4488:original Ġbalance:0.0293:noise Ġas:0.0144:noise Ġrate:0.0100:original,130,17,17,True,You did not apply the correct exchange rate for an item that I bought. as this affects my account balance.,You did not apply the correct exchange rate for an item that I bought.
20,10,10,0.20203316422648854,0.7979665068709494,2.886878007757332e-07,0.020203316422648852,0.07979665068709493,0.4,.:0.7127:noise Ġincorrect:0.1962:original Ġthis:0.0457:noise ?:0.0359:noise Ġis:0.0052:original,131,17,17,True,The rate of exchange for my card payment is incorrect. is there a formal way to resolve this?,The rate of exchange for my card payment is incorrect
16,13,3,0.9999974364289415,4.076946851228058e-07,2.105019575537881e-06,0.07692287972530319,1.358982283742686e-07,1.0,.:0.9444:original Ġwrong:0.0416:original Ġwhen:0.0066:original Ġsomething:0.0038:original Ġwas:0.0016:original,132,17,17,True,"Hello there, The rate for a currency exchange was wrong when I bought something.",The rate for a currency exchange was wrong when I bought something.
15,12,3,0.9999822601939741,3.163051701449149e-06,1.459846316720359e-05,0.08333185501616451,1.0543505671497162e-06,1.0,?:0.8945:original Ġwrong:0.0771:original Ġabroad:0.0155:original Ġsomething:0.0079:original Ġwhen:0.0024:original,133,17,17,True,"Good afternoon, Why is the exchange rate wrong when I purchase something abroad?",Why is the exchange rate wrong when I purchase something abroad?
20,13,7,0.9999982203944544,2.5197328845649736e-07,1.5169297284955974e-06,0.07692294003034264,3.5996184065213906e-08,1.0,.:0.7951:original Ġcorrect:0.1930:original Ġnot:0.0042:original Ġwas:0.0040:original Ġrate:0.0034:original,134,17,17,True,"I’m hoping you can clarify, I bought an item and noticed the exchange rate was not correct.",I bought an item and noticed the exchange rate was not correct.
20,14,6,0.850504726312522,0.14948745907622651,7.947074664116371e-06,0.06075033759375158,0.024914576512704418,0.8,.:0.7063:original ?:0.1469:noise Ġrate:0.0619:original Ġstatement:0.0338:original Ġis:0.0280:original,135,17,17,True,I bought something overseas and the wrong exchange rate is on my statement. what are the next steps?,I bought something overseas and the wrong exchange rate is on my statement.
26,21,5,0.999999564376628,6.469942515074933e-08,3.128754144654522e-07,0.04761902687507752,1.2939885030149867e-08,1.0,.:0.4639:original .:0.3680:original Ġwrong:0.0511:original ĠPlease:0.0362:original ĠI:0.0274:original,136,17,17,True,"Could you please advise, The exchange rate for my transaction last Saturday seems to have been wrong I got charged extra. Please fix.",The exchange rate for my transaction last Saturday seems to have been wrong I got charged extra.  Please fix.
14,0,0,0,0,1.7800042769522406e-05,,,0.0,Ġwrong:0.9703:content Ġcard:0.0150:content Ġrate:0.0056:content Ġpayment:0.0039:content ĠâĢĶ:0.0038:content,137,17,17,False,Why is your Exchange rate — rather for my for my card payment wrong,Why is your exchange rate for my card payment wrong
14,7,7,0.999584504226732,5.9162856246075535e-05,0.0003561720659490675,0.14279778631810455,8.45183660658222e-06,1.0,Ġ?:0.9599:original Ġcharged:0.0219:original Ġmore:0.0174:original Ġbeing:0.0002:original Ġam:0.0001:original,138,17,64,True,"I’m hoping you can clarify, Why am I being charged more ?",Why am I being charged more ?
19,14,5,0.9999990363967548,2.6505503969431743e-07,7.082502406774438e-07,0.0714285025997682,5.3011007938863485e-08,1.0,.:0.8515:original Ġincorrect:0.1365:original Ġwas:0.0043:original Ġgiven:0.0041:original Ġrate:0.0034:original,139,17,17,True,this is time-sensitive — I purchased an item and the exchange rate I was given was incorrect.,I purchased an item and the exchange rate I was given was incorrect.
15,12,3,0.9999997164949059,5.616573872657682e-08,2.5922227564478817e-07,0.08333330970790882,1.872191290885894e-08,1.0,.:0.8841:original Ġcorrect:0.1110:original Ġis:0.0030:original Ġrate:0.0018:original Ġexchange:0.0001:original,140,17,17,True,"Good afternoon, I don't think my card payment exchange rate is correct.",I don't think my card payment exchange rate is correct.
31,0,0,0,0,7.226734851428773e-06,,,0.0,?:0.5612:content .:0.2440:content Ġrate:0.1120:content Ġexchange:0.0254:content ?:0.0135:content,141,17,17,False,"When I made a purchase last Saturday, I waas charged extra. Did I recEive the riight exchange rate? what are the next steps?","When I made a purchase last Saturday, I was charged extra. Did I receive the right exchange rate?"
18,12,6,0.32386662367473207,0.6761331244162534,3.0365094971784856e-07,0.026988885306227672,0.11268885406937557,0.6,).:0.6366:noise .:0.3189:original Ġ(:0.0393:noise Ġexchange:0.0022:original Ġon:0.0014:original,142,17,17,True,They charged me wrong for a currency exchange on a purchase. (as soon as possible).,They charged me wrong for a currency exchange on a purchase.
16,0,0,0,0,4.111043665488978e-07,,,0.0,.:0.8141:content Ġincorrect:0.1684:content Ġrate:0.0078:content Ġrate:0.0041:content Ġexchange:0.0032:content,143,17,17,False,I believe my card payment (to clarify) exchange rate exchange rate is incorrect.,I believe my card payment exchange rate is incorrect.
26,20,6,0.8901415816113314,0.10985260339293745,5.9278454500599764e-06,0.04450707908056657,0.018308767232156242,0.8,.:0.4891:original .:0.2275:original Ġwrong:0.1383:original ?:0.1058:noise Ġrate:0.0174:original,144,17,17,True,"Hi, I have been overcharged for my payment last Saturday. I guess exchange rate was wrong. what is the expected timeline?","Hi, I have been overcharged for my payment last Saturday. I guess exchange rate was wrong."
12,8,4,0.011979435027683394,0.988011233666839,9.348466846859083e-06,0.0014974293784604242,0.24700280841670974,0.6,.:0.9841:noise Ġoff:0.0068:original Ġtransaction:0.0045:original .:0.0039:noise Ġrate:0.0005:original,145,17,17,True,The exchange rate seems off on this transaction. many thanks.,The exchange rate seems off on this transaction
19,15,4,0.3219595592923383,0.6780388617693234,1.6031772247515619e-06,0.021463970619489223,0.16950971544233084,0.6,".:0.6522:noise ,:0.1613:original Ġcorrect:0.1516:original .:0.0258:noise Ġitem:0.0055:original",146,17,17,True,"The exchange rate given to me wasn't correct, after i purchased an item. kind regards.","The exchange rate given to me wasn't correct, after i purchased an item"
30,24,6,0.965218264497679,0.03477346730323916,8.24123253551079e-06,0.040217427687403294,0.005795577883873193,1.0,.:0.4807:original .:0.2428:original Ġright:0.1248:original Ġplease:0.0421:original Ġexchange:0.0308:original,147,17,17,True,"Hi, I don't think your exchange rate is right. I need you to check the official interbank exchange please. what are the next steps?","Hi, I don't think your exchange rate is right. I need you to check the official interbank exchange please."
32,0,0,0,0,2.5121344151557423e-06,,,0.0,!:0.6710:content Ġmuch:0.1544:content Ġcharged:0.0424:content .:0.0416:content Ġway:0.0284:content,148,17,17,False,I'm pretty — to clarify sure something went sure something went wrong with my exchange. I changed Russian Ruble to UK pounds and was charged way too much!,I'm pretty sure something went wrong with my exchange. I changed Russian Ruble to UK pounds and was charged way too much!
19,13,6,0.9999295791562872,1.0005870876739209e-05,6.03512380621396e-05,0.07691765993509901,1.6676451461232016e-06,1.0,Ġrate:0.6232:original Ġitem:0.1478:original Ġbought:0.1329:original Ġfor:0.0598:original Ġexchange:0.0170:original,149,17,17,True,"I would like to ask, I wasn't applied the correct exchange rate for an item I bought",I wasn't applied the correct exchange rate for an item I bought
13,10,3,0.9324251797455503,0.06757212559341497,2.646066150191473e-06,0.09324251797455503,0.022524041864471656,0.8,.:0.7198:original Ġincorrect:0.2077:original .:0.0675:noise Ġis:0.0044:original Ġpayments:0.0004:original,150,17,17,True,the conversion value for my card payments is incorrect. please advise.,the conversion value for my card payments is incorrect.
24,17,7,0.5791098456075758,0.4208876071015766,2.5243411982955877e-06,0.03406528503573975,0.06012680101451094,0.8,.:0.5016:original ?:0.4117:noise Ġcurrency:0.0353:original Ġwas:0.0100:original Ġused:0.0087:original,151,17,17,True,The wrong exchange rate was used when I bought something with a foriegn currency. could you confirm what is happening?,The wrong exchange rate was used when I bought something with a foriegn currency.
20,15,5,0.9995019092975639,0.0004973253921036758,6.3697410723762e-07,0.06663346061983759,9.946507842073515e-05,1.0,.:0.6813:original Ġincorrect:0.2732:original Ġbut:0.0219:original Ġrate:0.0104:original Ġexchange:0.0044:original,152,17,17,True,I paid for something in foreign currency but noticed the exchange rate is incorrect. thank you in advance.,I paid for something in foreign currency but noticed the exchange rate is incorrect.
14,9,5,0.9994222131481365,9.901478097162908e-05,0.0004788181686308235,0.11104691257201517,1.9802956194325817e-05,1.0,Ġpurchase:0.7078:original Ġwas:0.1100:original Ġused:0.0824:original Ġrate:0.0406:original Ġin:0.0372:original,153,17,17,True,"Could you please advise, The incorrect rate was used in my foreign purchase",The incorrect rate was used in my foreign purchase
20,13,7,0.9999919684466363,1.153649670015966e-06,6.945202130737016e-06,0.07692245911127972,1.6480709571656656e-07,1.0,?:0.8560:original Ġincorrect:0.1116:original Ġitem:0.0145:original Ġbought:0.0099:original Ġfor:0.0042:original,154,17,17,True,"I’m hoping you can clarify, Why was the exchange rate incorrect for an item I recently bought?",Why was the exchange rate incorrect for an item I recently bought?
15,12,3,0.9999858562445638,2.504148596926825e-06,1.155742120317882e-05,0.08333215468704698,8.347161989756083e-07,1.0,?:0.7874:original Ġwrong:0.1812:original Ġitem:0.0145:original Ġfor:0.0075:original Ġbought:0.0056:original,155,17,17,True,"Good afternoon, Why is my exchange rate wrong for an item I bought?",Why is my exchange rate wrong for an item I bought?
18,12,6,0.8908677527877806,0.10913006505668932,2.1561527319136076e-06,0.07423897939898172,0.018188344176114885,0.6,?:0.8711:original ).:0.0949:noise Ġ(:0.0142:noise Ġtransaction:0.0094:original Ġapplied:0.0069:original,156,17,32,True,How can I check the exchange rate applied to my transaction? (at your earliest convenience).,How can I check the exchange rate applied to my transaction?
15,0,0,0,0,5.340998905012384e-05,,,0.0,Ġwrong:0.4140:content Ġcard:0.3621:content Ġpayment:0.1263:content Ġ(:0.0438:content Ġrate:0.0206:content,157,17,76,False,Your exchange rate (rather) is totally is totally wrong for my card payment,Your exchange rate is totally wrong for my card payment
31,22,9,0.9999719808196801,2.6343072964785108e-05,1.6155699995579198e-06,0.04545327185544001,2.9270081071983454e-06,1.0,?:0.3817:original .:0.3729:original Ġchanged:0.0900:original Ġdifferent:0.0691:original Ġmine:0.0551:original,158,17,17,True,I’m using a different device than usual — The wrong rate was applied to an item I bought in a currency different from mine. Can this be changed?,The wrong rate was applied to an item I bought in a currency different from mine. Can this be changed?
21,15,6,0.999993161443097,9.825237086147354e-07,5.926172434556065e-06,0.06666621076287313,1.6375395143578922e-07,1.0,.:0.8377:original Ġapplied:0.0605:original Ġcountry:0.0384:original Ġin:0.0152:original Ġrate:0.0152:original,159,17,17,True,"I would like to ask, I go the wrong exchange rate applied to my purchase in a foreign country.",I go the wrong exchange rate applied to my purchase in a foreign country.
21,14,7,0.9999994116638784,8.333319900799552e-08,5.016827344661579e-07,0.07142852940456275,1.1904742715427931e-08,1.0,.:0.8722:original Ġit:0.1131:original Ġup:0.0046:original Ġon:0.0043:original Ġcharged:0.0036:original,160,34,34,True,"I’m hoping you can clarify, My statement has a dollar I have been charged showing up on it.",My statement has a dollar I have been charged showing up on it.
16,13,3,0.9589762291506503,0.04101843111538983,5.406319360190537e-06,0.07376740224235771,0.01367281037179661,0.8,?:0.9470:original .:0.0409:noise Ġin:0.0061:original Ġstatement:0.0045:original Ġmy:0.0007:original,161,34,34,True,Why is there a fee for an extra pound in my statement? many thanks.,Why is there a fee for an extra pound in my statement?
16,11,5,0.9997563467041459,4.1738826666914974e-05,0.00020184172899462283,0.09088694060946781,8.347765333382996e-06,1.0,.:0.9845:original Ġfee:0.0084:original Ġstatement:0.0063:original Ġmy:0.0004:original Ġon:0.0001:original,162,34,34,True,"Could you please advise, I'm not okay with this fee on my statement.",I'm not okay with this fee on my statement.
14,11,3,0.9999701294192391,4.8590385972602235e-06,2.508831676095724e-05,0.090906375401749,1.6196795324200746e-06,1.0,?:0.9178:original Ġaccount:0.0545:original Ġcharged:0.0160:original Ġmy:0.0103:original Ġdollar:0.0007:original,163,34,34,True,"Hello there, Why is there an extra dollar charged to my account?",Why is there an extra dollar charged to my account?
18,12,6,0.7675858618856637,0.23225586777516583,0.00015823435387574136,0.06396548849047197,0.03870931129586097,0.6,.:0.7561:original ).:0.1527:noise Ġ(:0.0794:noise Ġrecognize:0.0058:original Ġstatement:0.0037:original,164,34,34,True,There is a fee I don't recognize on my statement. (as soon as possible).,There is a fee I don't recognize on my statement.
21,13,8,0.6648586683798916,0.33513991995641845,1.4179311165207764e-06,0.05114297449076089,0.04189248999455231,0.6,.:0.5526:original ).:0.2592:noise Ġcharged:0.0834:original Ġ(:0.0565:noise Ġrefund:0.0231:original,165,34,34,True,I would like a refund on the extra pound I was charged. (I’m receiving an error message).,I would like a refund on the extra pound I was charged.
14,11,3,0.9081511451175288,0.09184041045955382,8.428044566244353e-06,0.08255919501068444,0.030613470153184608,0.8,?:0.7447:original Ġcharge:0.1096:original .:0.0910:noise Ġis:0.0528:original 1:0.0010:original,166,34,34,True,Can you explain what this random $1 charge is? many thanks.,Can you explain what this random $1 charge is?
13,10,3,0.9999777624306603,3.623952068210201e-06,1.8711285520112142e-05,0.09999777624306602,1.2079840227367338e-06,1.0,?:0.9695:original Ġcharge:0.0214:original Ġstatement:0.0057:original Ġmy:0.0026:original Ġon:0.0007:original,167,34,34,True,"Hello there, What is this $1 charge on my statement?",What is this $1 charge on my statement?
15,9,6,0.9068737345731392,0.09310671875300613,1.956720916496124e-05,0.10076374828590436,0.015517786458834356,0.4,?:0.8455:original ?:0.0851:noise Ġcharges:0.0610:original Ġwhat:0.0070:noise Ġthe:0.0009:noise,168,34,34,True,Why does my statement have these extra charges? what are the next steps?,Why does my statement have these extra charges?
37,0,0,0,0,1.3992806998430751e-05,,,0.0,".:0.5770:content ?:0.2469:content ,:0.0373:content Ġis:0.0328:content Ġabout:0.0211:content",169,34,34,False,"I do not remember purcha5ing anything for 1£, and it is on my statement. Can you please tell me what that is about? (at your earliest convenience).","I do not remember purchasing anything for 1£, and it is on my statement. Can you please tell me what that is about?"
26,20,6,0.83069850526811,0.169298353131353,3.096947011727025e-06,0.0415349252634055,0.02821639218855883,0.6,?:0.4303:original .:0.3070:original ).:0.0883:noise Ġ(:0.0809:noise Ġextra:0.0373:original,170,34,34,True,I can see an extra 1£ charge on my app. Why did you charge me extra? (at your earliest convenience).,I can see an extra 1£ charge on my app. Why did you charge me extra?
21,15,6,0.5534460826066763,0.44654152465500374,1.2389451512717642e-05,0.03689640550711175,0.07442358744250062,0.4,?:0.5375:original ).:0.3851:noise Ġ(:0.0483:noise Ġinconsistent:0.0115:noise Ġcharge:0.0113:original,171,34,34,True,Can you tell me why I noticed a $1 charge on my statement? (because this appears inconsistent).,Can you tell me why I noticed a $1 charge on my statement?
19,0,0,0,0,3.893860025527829e-07,,,0.0,?:0.8447:content Ġcredited:0.1461:content Ġbe:0.0063:content Ġto:0.0020:content Ġtransaction:0.0005:content,172,34,34,False,"Could you please advie, When will th3 $1 transaction be credited to m3?",When will the $1 transaction be credited to me?
10,7,3,0.9993097913320526,0.00011197986350452993,0.0005781769868917763,0.14275854161886464,3.7326621168176644e-05,1.0,?:0.9584:original Ġfrom:0.0294:original Ġcome:0.0074:original Ġfee:0.0039:original ĠWhere:0.0001:original,173,34,34,True,"Hello there, Where did this fee come from?",Where did this fee come from?
25,19,6,0.9815751386952059,0.018421031031891744,3.8580706132052e-06,0.05166184940501083,0.003070171838648624,0.8,"?:0.6432:original ,:0.2441:original Ġis:0.0460:original Ġcharge:0.0236:original ?:0.0176:noise",174,34,34,True,"I noticed an extra $1 charge on my statement, can you tell me why that is? what are the next steps?","I noticed an extra $1 charge on my statement, can you tell me why that is?"
14,7,7,0.9988122664103685,0.00016921332144193002,0.0010186975123360753,0.14268746663005263,2.417333163456143e-05,1.0,Ġcharge:0.9847:original 1:0.0125:original Ġextra:0.0009:original Ġ$:0.0005:original ĠThere:0.0001:original,175,34,34,True,"I’m hoping you can clarify, There is an extra $1 charge",There is an extra $1 charge
16,13,3,0.9999894327558536,1.8695652670430718e-06,8.628623618278652e-06,0.07692226405814259,6.231884223476906e-07,1.0,.:0.9763:original Ġfee:0.0112:original Ġin:0.0074:original Ġstatement:0.0045:original Ġmy:0.0005:original,176,34,34,True,"Good afternoon, I need information about an extra €1 fee in my statement.",I need information about an extra €1 fee in my statement.
16,13,3,0.9754592363314813,0.02453573323407454,4.970478585164528e-06,0.07503532587165242,0.008178577744691514,0.8,?:0.9346:original Ġcard:0.0326:original .:0.0243:noise Ġcharge:0.0044:original Ġmy:0.0020:original,177,34,34,True,Why is there an extra 1 pound charge on my card? kind regards.,Why is there an extra 1 pound charge on my card?
16,10,6,0.9790332820310823,0.020921158431065123,4.562421963782981e-05,0.09790332820310824,0.0034868597385108537,0.4,?:0.9763:original ?:0.0179:noise Ġwhat:0.0025:noise Ġstatement:0.0019:original Ġthe:0.0005:noise,178,34,34,True,Why are there so many fees on my statement? what are the next steps?,Why are there so many fees on my statement?
19,14,5,0.9923754820251247,0.007571433171051467,5.2940671594114974e-05,0.07088396300179463,0.0015142866342102933,0.6,?:0.9865:original .:0.0049:noise Ġstatement:0.0042:original Ġthank:0.0026:noise Ġfee:0.0012:original,179,34,34,True,What would be the reason there's an extra fee on my statement? thank you in advance.,What would be the reason there's an extra fee on my statement?
17,10,7,0.9999917831884204,1.1793146192928816e-06,7.09971163814771e-06,0.09999917831884204,1.6847351704184022e-07,1.0,?:0.7590:original Ġcome:0.1080:original Ġfrom:0.0932:original Ġfee:0.0383:original Ġeuro:0.0014:original,180,34,34,True,"I’m hoping you can clarify, Where did this 1 euro fee come from?",Where did this 1 euro fee come from?
17,10,7,0.020618687193461938,0.9793753730264143,5.824439540447202e-06,0.002061868719346194,0.13991076757520204,0.4,).:0.5338:noise .:0.3569:noise Ġ(:0.0863:noise Ġstatement:0.0079:original Ġin:0.0061:original,181,34,34,True,I got a extra €1 fee in my statement. (as soon as possible).,I got a extra €1 fee in my statement
16,11,5,0.9999882941806817,2.011316041716782e-06,9.726377356855664e-06,0.09090802674369834,4.022632083433564e-07,1.0,.:0.9775:original Ġfee:0.0175:original Ġstatement:0.0018:original Ġon:0.0017:original Ġeuro:0.0012:original,182,34,34,True,"Could you please advise, I have a 1 euro fee on my statement.",I have a 1 euro fee on my statement.
13,8,5,0.9999745531848703,4.37825642052303e-06,2.1172490960452706e-05,0.12499681914810878,8.756512841046061e-07,1.0,!?:0.9571:original charged:0.0256:original Ġpound:0.0172:original Ġa:0.0001:original Ġover:0.0000:original,183,34,34,True,"Could you please advise, Why was I overcharged a pound!?",Why was I overcharged a pound!?
18,11,7,0.5432755002565273,0.4567147946189607,9.720500202092808e-06,0.049388681841502476,0.06524497065985153,0.6,?:0.5242:original ?:0.4497:noise Ġcharged:0.0124:original Ġhappening:0.0053:noise Ġpound:0.0046:original,184,34,34,True,"Something went wrong, I was charged an extra pound? could you confirm what is happening?","Something went wrong, I was charged an extra pound?"
16,11,5,0.9999662164541405,5.7795545842509455e-06,2.7948924980591983e-05,0.09090601967764914,1.155910916850189e-06,1.0,?:0.8175:original Ġcome:0.1071:original Ġfrom:0.0719:original Ġstatement:0.0031:original Ġfee:0.0004:original,185,34,34,True,"Could you please advise, Where did the extra fee on my statement come from?",Where did the extra fee on my statement come from?
23,20,3,0.9808893382024166,0.01906161699389486,4.9110611143987626e-05,0.049044466910120835,0.0063538723312982865,0.8,!:0.6507:original Ġor:0.1363:original Ġabout:0.0848:original Ġthat:0.0617:original .:0.0190:noise,186,34,34,True,There is an extra charge on my app that I was not told about or I was aware of! kind regards.,There is an extra charge on my app that I was not told about or I was aware of!
20,0,0,0,0,5.3504765674006194e-05,,,0.0,?:0.7670:content Ġfor:0.0979:content Ġwhat:0.0643:content Ġthat:0.0522:content Ġfee:0.0117:content,187,34,34,False,I am seeing an (rather) extra fee on extra fee on my statement what is that for?,I am seeing an extra fee on my statement what is that for?
19,10,9,0.9702512433979606,0.029741514255420043,7.354428817052394e-06,0.09702512433979607,0.0033046126950466714,0.6,?:0.9115:original Ġfee:0.0430:original ?:0.0172:noise Ġthis:0.0095:noise Ġin:0.0086:original,188,34,34,True,What is this €1 fee in my statement? is there a formal way to resolve this?,What is this €1 fee in my statement?
45,36,9,0.8421580521224712,0.15783652432992312,5.442242127173813e-06,0.0233932792256242,0.01753739159221368,0.8,.:0.3407:original ?:0.2747:original .:0.1287:noise Ġcharge:0.0736:original Ġwith:0.0664:original,189,34,34,True,"I am a new customer, and I happened to look at my app and there is a charge I am not familiar with. Could you tell me why the extra charge is there? since I’m concerned about a potential charge.","I am a new customer, and I happened to look at my app and there is a charge I am not familiar with.  Could you tell me why the extra charge is there?"
21,12,9,0.825550975564191,0.17444399391479237,5.014515409129672e-06,0.06879591463034924,0.019382665990532486,0.4,.:0.7798:original ?:0.1103:noise Ġthis:0.0467:noise Ġdollar:0.0261:original Ġis:0.0155:noise,190,34,34,True,For some reason my account's been charged an extra dollar. is there a formal way to resolve this?,For some reason my account's been charged an extra dollar.
23,0,0,0,0,4.726243332697777e-06,,,0.0,.:0.9369:content Ġcharged:0.0442:content Ġwas:0.0087:content Ġit:0.0062:content Ġdon:0.0030:content,191,34,34,False,There is — to clarify a transaction for a transaction for $1 and I don' know why it was charged.,There is a transaction for $1 and I don't know why it was charged.
59,51,8,0.9844450939415372,0.015553540433757007,1.2872731076640775e-06,0.019302844979245826,0.0019441925542196259,1.0,"Pending:0.2713:original .:0.2398:original "",:0.1719:original Ġaway:0.0675:original .:0.0570:original",192,34,34,True,"Can you help me with a weird charge? It's a pound charge that never goes away from the statement view on the app I'm using. It's not described as anything but ""Pending"", and that status has never changed during the last two days. (I’m receiving an error message).","Can you help me with a weird charge?  It's a pound charge that never goes away from the statement view on the app I'm using.  It's not described as anything but ""Pending"", and that status has never changed during the last two days."
22,0,0,0,0,4.617553349817172e-05,,,0.0,?:0.9702:content Ġup:0.0180:content Ġstatement:0.0085:content Ġshowing:0.0012:content Ġfee:0.0006:content,193,34,34,False,What is (rather) the purpose of the purpose of the extra fee that is showing up on my statement?,What is the purpose of the extra fee that is showing up on my statement?
20,14,6,0.9999912467397962,1.2513109695078128e-06,7.547384939243784e-06,0.07142794619569973,2.0855182825130214e-07,1.0,"?:0.4934:original ,:0.4130:original Ġcharged:0.0401:original Ġthat:0.0224:original Ġwhy:0.0140:original",194,34,34,True,"I would like to ask, $1 extra has been charged on my statement, why is that?","$1 extra has been charged on my statement, why is that?"
18,10,8,0.005925593572804644,0.9940674399437057,6.979961653996725e-06,0.0005925593572804644,0.12425842999296322,0.6,.:0.7210:noise ?:0.2729:noise Ġfee:0.0026:original Ġstatement:0.0022:original Ġin:0.0008:original,195,34,34,True,What is the extra €1 fee in my statement. could you confirm what is happening?,What is the extra  €1 fee in my statement
26,19,7,0.9798878848067665,0.020111939023209402,1.8730145256995456e-07,0.05157304656877718,0.0028731341461727716,0.6,?:0.5463:original Ġreversed:0.4320:original ?:0.0181:noise Ġcould:0.0020:noise Ġbeen:0.0010:original,196,34,34,True,"It's been two weeks, why has the transaction for $1.00 not been reversed? could you confirm what is happening?","It's been two weeks, why has the transaction for $1.00 not been reversed?"
14,8,6,0.7852829929886411,0.2146372634688305,7.973531319294125e-05,0.09816037412358014,0.03577287724480508,0.8,?:0.5399:original Ġfee:0.2328:original .:0.2110:noise 1:0.0094:original Ġfor:0.0031:original,197,34,34,True,What is the €1 fee for? kind rEgards.,What is the €1 fee for?
47,40,7,0.9999812585044712,1.809189067714101e-05,6.645898338319967e-07,0.02499953146261178,2.5845558110201442e-06,1.0,Ġpending:0.5120:original .:0.2485:original Ġand:0.1340:original Ġaway:0.0656:original Ġdoesn:0.0214:original,198,34,34,True,I have updated the app recently — I'm quite confused as to what is going on. There is some odd extra pound charge on my statement in the app that's just listed as pending and doesn't go away since a couple days.,I'm quite confused as to what is going on. There is some odd extra pound charge on my statement in the app that's just listed as pending and doesn't go away since a couple days.
22,15,7,0.8937193520501978,0.10617206133974832,0.00010867759556276724,0.05958129013667986,0.01516743733424976,0.6,.:0.8843:original .:0.0962:noise Ġas:0.0078:noise Ġstatement:0.0058:original Ġfee:0.0028:original,199,34,34,True,Can you please check why I am having this extra fee on my statement. as this affects my account balance.,Can you please check why I am having this extra fee on my statement.
